{
    "target_1": {
        "mse": 3.877645287945487,
        "mae": 1.7800369568360157,
        "r2": 0.002385236304958571,
        "f1": 0.6194690265486725,
        "accuracy": 0.44871794871794873,
        "precision": 0.44871794871794873,
        "recall": 1.0
    },
    "target_2": {
        "mse": 3.4056152896054743,
        "mae": 1.6241444502121363,
        "r2": -0.0007130365592709076,
        "f1": 0.6779661016949152,
        "accuracy": 0.5128205128205128,
        "precision": 0.5128205128205128,
        "recall": 1.0
    },
    "target_3": {
        "mse": 3.825194787837436,
        "mae": 1.70664888773209,
        "r2": -0.0019151493543552167,
        "f1": 0.8,
        "accuracy": 0.6666666666666666,
        "precision": 0.6666666666666666,
        "recall": 1.0
    },
    "target_4": {
        "mse": 4.006304002986069,
        "mae": 1.7130112525744317,
        "r2": -0.012560383606150083,
        "f1": 0.8,
        "accuracy": 0.6666666666666666,
        "precision": 0.6666666666666666,
        "recall": 1.0
    },
    "target_5": {
        "mse": 4.585529661363825,
        "mae": 1.9171045743502104,
        "r2": 0.005193180012212695,
        "f1": 0.7317073170731707,
        "accuracy": 0.5769230769230769,
        "precision": 0.5769230769230769,
        "recall": 1.0
    },
    "target_6": {
        "mse": 4.142238576647286,
        "mae": 1.7986130133653297,
        "r2": -0.002242175395589463,
        "f1": 0.6434782608695652,
        "accuracy": 0.47435897435897434,
        "precision": 0.47435897435897434,
        "recall": 1.0
    },
    "average": {
        "avg_mse": 3.9737546010642633,
        "avg_mae": 1.7565931891783688,
        "avg_r2": -0.001642054766365734,
        "avg_f1": 0.7121034510310539,
        "avg_accuracy": 0.5576923076923076,
        "avg_precision": 0.5576923076923076,
        "avg_recall": 1.0
    }
}